,Title,Price,Url
0,A Light in the Attic,£51.77,http://books.toscrape.com/catalogue/a-light-in-the-attic_1000/index.html
1,Tipping the Velvet,£53.74,http://books.toscrape.com/catalogue/tipping-the-velvet_999/index.html
2,Soumission,£50.10,http://books.toscrape.com/catalogue/soumission_998/index.html
3,Sharp Objects,£47.82,http://books.toscrape.com/catalogue/sharp-objects_997/index.html
4,Sapiens: A Brief History of Humankind,£54.23,http://books.toscrape.com/catalogue/sapiens-a-brief-history-of-humankind_996/index.html
5,The Requiem Red,£22.65,http://books.toscrape.com/catalogue/the-requiem-red_995/index.html
6,The Dirty Little Secrets of Getting Your Dream Job,£33.34,http://books.toscrape.com/catalogue/the-dirty-little-secrets-of-getting-your-dream-job_994/index.html
7,"The Coming Woman: A Novel Based on the Life of the Infamous Feminist, Victoria Woodhull",£17.93,http://books.toscrape.com/catalogue/the-coming-woman-a-novel-based-on-the-life-of-the-infamous-feminist-victoria-woodhull_993/index.html
8,The Boys in the Boat: Nine Americans and Their Epic Quest for Gold at the 1936 Berlin Olympics,£22.60,http://books.toscrape.com/catalogue/the-boys-in-the-boat-nine-americans-and-their-epic-quest-for-gold-at-the-1936-berlin-olympics_992/index.html
9,The Black Maria,£52.15,http://books.toscrape.com/catalogue/the-black-maria_991/index.html
10,"Starving Hearts (Triangular Trade Trilogy, #1)",£13.99,http://books.toscrape.com/catalogue/starving-hearts-triangular-trade-trilogy-1_990/index.html
11,Shakespeare's Sonnets,£20.66,http://books.toscrape.com/catalogue/shakespeares-sonnets_989/index.html
12,Set Me Free,£17.46,http://books.toscrape.com/catalogue/set-me-free_988/index.html
13,Scott Pilgrim's Precious Little Life (Scott Pilgrim #1),£52.29,http://books.toscrape.com/catalogue/scott-pilgrims-precious-little-life-scott-pilgrim-1_987/index.html
14,Rip it Up and Start Again,£35.02,http://books.toscrape.com/catalogue/rip-it-up-and-start-again_986/index.html
15,"Our Band Could Be Your Life: Scenes from the American Indie Underground, 1981-1991",£57.25,http://books.toscrape.com/catalogue/our-band-could-be-your-life-scenes-from-the-american-indie-underground-1981-1991_985/index.html
16,Olio,£23.88,http://books.toscrape.com/catalogue/olio_984/index.html
17,Mesaerion: The Best Science Fiction Stories 1800-1849,£37.59,http://books.toscrape.com/catalogue/mesaerion-the-best-science-fiction-stories-1800-1849_983/index.html
18,Libertarianism for Beginners,£51.33,http://books.toscrape.com/catalogue/libertarianism-for-beginners_982/index.html
19,It's Only the Himalayas,£45.17,http://books.toscrape.com/catalogue/its-only-the-himalayas_981/index.html
20,In Her Wake,£12.84,http://books.toscrape.com/catalogue/in-her-wake_980/index.html
21,How Music Works,£37.32,http://books.toscrape.com/catalogue/how-music-works_979/index.html
22,"Foolproof Preserving: A Guide to Small Batch Jams, Jellies, Pickles, Condiments, and More: A Foolproof Guide to Making Small Batch Jams, Jellies, Pickles, Condiments, and More",£30.52,http://books.toscrape.com/catalogue/foolproof-preserving-a-guide-to-small-batch-jams-jellies-pickles-condiments-and-more-a-foolproof-guide-to-making-small-batch-jams-jellies-pickles-condiments-and-more_978/index.html
23,Chase Me (Paris Nights #2),£25.27,http://books.toscrape.com/catalogue/chase-me-paris-nights-2_977/index.html
24,Black Dust,£34.53,http://books.toscrape.com/catalogue/black-dust_976/index.html
25,Birdsong: A Story in Pictures,£54.64,http://books.toscrape.com/catalogue/birdsong-a-story-in-pictures_975/index.html
26,America's Cradle of Quarterbacks: Western Pennsylvania's Football Factory from Johnny Unitas to Joe Montana,£22.50,http://books.toscrape.com/catalogue/americas-cradle-of-quarterbacks-western-pennsylvanias-football-factory-from-johnny-unitas-to-joe-montana_974/index.html
27,Aladdin and His Wonderful Lamp,£53.13,http://books.toscrape.com/catalogue/aladdin-and-his-wonderful-lamp_973/index.html
28,Worlds Elsewhere: Journeys Around Shakespeareâs Globe,£40.30,http://books.toscrape.com/catalogue/worlds-elsewhere-journeys-around-shakespeares-globe_972/index.html
29,Wall and Piece,£44.18,http://books.toscrape.com/catalogue/wall-and-piece_971/index.html
30,The Four Agreements: A Practical Guide to Personal Freedom,£17.66,http://books.toscrape.com/catalogue/the-four-agreements-a-practical-guide-to-personal-freedom_970/index.html
31,The Five Love Languages: How to Express Heartfelt Commitment to Your Mate,£31.05,http://books.toscrape.com/catalogue/the-five-love-languages-how-to-express-heartfelt-commitment-to-your-mate_969/index.html
32,The Elephant Tree,£23.82,http://books.toscrape.com/catalogue/the-elephant-tree_968/index.html
33,The Bear and the Piano,£36.89,http://books.toscrape.com/catalogue/the-bear-and-the-piano_967/index.html
34,Sophie's World,£15.94,http://books.toscrape.com/catalogue/sophies-world_966/index.html
35,Penny Maybe,£33.29,http://books.toscrape.com/catalogue/penny-maybe_965/index.html
36,Maude (1883-1993):She Grew Up with the country,£18.02,http://books.toscrape.com/catalogue/maude-1883-1993she-grew-up-with-the-country_964/index.html
37,"In a Dark, Dark Wood",£19.63,http://books.toscrape.com/catalogue/in-a-dark-dark-wood_963/index.html
38,Behind Closed Doors,£52.22,http://books.toscrape.com/catalogue/behind-closed-doors_962/index.html
39,You can't bury them all: Poems,£33.63,http://books.toscrape.com/catalogue/you-cant-bury-them-all-poems_961/index.html
40,Slow States of Collapse: Poems,£57.31,http://books.toscrape.com/catalogue/slow-states-of-collapse-poems_960/index.html
41,Reasons to Stay Alive,£26.41,http://books.toscrape.com/catalogue/reasons-to-stay-alive_959/index.html
42,Private Paris (Private #10),£47.61,http://books.toscrape.com/catalogue/private-paris-private-10_958/index.html
43,#HigherSelfie: Wake Up Your Life. Free Your Soul. Find Your Tribe.,£23.11,http://books.toscrape.com/catalogue/higherselfie-wake-up-your-life-free-your-soul-find-your-tribe_957/index.html
44,Without Borders (Wanderlove #1),£45.07,http://books.toscrape.com/catalogue/without-borders-wanderlove-1_956/index.html
45,When We Collided,£31.77,http://books.toscrape.com/catalogue/when-we-collided_955/index.html
46,"We Love You, Charlie Freeman",£50.27,http://books.toscrape.com/catalogue/we-love-you-charlie-freeman_954/index.html
47,Untitled Collection: Sabbath Poems 2014,£14.27,http://books.toscrape.com/catalogue/untitled-collection-sabbath-poems-2014_953/index.html
48,"Unseen City: The Majesty of Pigeons, the Discreet Charm of Snails & Other Wonders of the Urban Wilderness",£44.18,http://books.toscrape.com/catalogue/unseen-city-the-majesty-of-pigeons-the-discreet-charm-of-snails-other-wonders-of-the-urban-wilderness_952/index.html
49,Unicorn Tracks,£18.78,http://books.toscrape.com/catalogue/unicorn-tracks_951/index.html
50,"Unbound: How Eight Technologies Made Us Human, Transformed Society, and Brought Our World to the Brink",£25.52,http://books.toscrape.com/catalogue/unbound-how-eight-technologies-made-us-human-transformed-society-and-brought-our-world-to-the-brink_950/index.html
51,Tsubasa: WoRLD CHRoNiCLE 2 (Tsubasa WoRLD CHRoNiCLE #2),£16.28,http://books.toscrape.com/catalogue/tsubasa-world-chronicle-2-tsubasa-world-chronicle-2_949/index.html
52,Throwing Rocks at the Google Bus: How Growth Became the Enemy of Prosperity,£31.12,http://books.toscrape.com/catalogue/throwing-rocks-at-the-google-bus-how-growth-became-the-enemy-of-prosperity_948/index.html
53,This One Summer,£19.49,http://books.toscrape.com/catalogue/this-one-summer_947/index.html
54,Thirst,£17.27,http://books.toscrape.com/catalogue/thirst_946/index.html
55,The Torch Is Passed: A Harding Family Story,£19.09,http://books.toscrape.com/catalogue/the-torch-is-passed-a-harding-family-story_945/index.html
56,The Secret of Dreadwillow Carse,£56.13,http://books.toscrape.com/catalogue/the-secret-of-dreadwillow-carse_944/index.html
57,"The Pioneer Woman Cooks: Dinnertime: Comfort Classics, Freezer Food, 16-Minute Meals, and Other Delicious Ways to Solve Supper!",£56.41,http://books.toscrape.com/catalogue/the-pioneer-woman-cooks-dinnertime-comfort-classics-freezer-food-16-minute-meals-and-other-delicious-ways-to-solve-supper_943/index.html
58,The Past Never Ends,£56.50,http://books.toscrape.com/catalogue/the-past-never-ends_942/index.html
59,The Natural History of Us (The Fine Art of Pretending #2),£45.22,http://books.toscrape.com/catalogue/the-natural-history-of-us-the-fine-art-of-pretending-2_941/index.html
60,The Nameless City (The Nameless City #1),£38.16,http://books.toscrape.com/catalogue/the-nameless-city-the-nameless-city-1_940/index.html
61,The Murder That Never Was (Forensic Instincts #5),£54.11,http://books.toscrape.com/catalogue/the-murder-that-never-was-forensic-instincts-5_939/index.html
62,The Most Perfect Thing: Inside (and Outside) a Bird's Egg,£42.96,http://books.toscrape.com/catalogue/the-most-perfect-thing-inside-and-outside-a-birds-egg_938/index.html
63,"The Mindfulness and Acceptance Workbook for Anxiety: A Guide to Breaking Free from Anxiety, Phobias, and Worry Using Acceptance and Commitment Therapy",£23.89,http://books.toscrape.com/catalogue/the-mindfulness-and-acceptance-workbook-for-anxiety-a-guide-to-breaking-free-from-anxiety-phobias-and-worry-using-acceptance-and-commitment-therapy_937/index.html
64,The Life-Changing Magic of Tidying Up: The Japanese Art of Decluttering and Organizing,£16.77,http://books.toscrape.com/catalogue/the-life-changing-magic-of-tidying-up-the-japanese-art-of-decluttering-and-organizing_936/index.html
65,"The Inefficiency Assassin: Time Management Tactics for Working Smarter, Not Longer",£20.59,http://books.toscrape.com/catalogue/the-inefficiency-assassin-time-management-tactics-for-working-smarter-not-longer_935/index.html
66,The Gutsy Girl: Escapades for Your Life of Epic Adventure,£37.13,http://books.toscrape.com/catalogue/the-gutsy-girl-escapades-for-your-life-of-epic-adventure_934/index.html
67,The Electric Pencil: Drawings from Inside State Hospital No. 3,£56.06,http://books.toscrape.com/catalogue/the-electric-pencil-drawings-from-inside-state-hospital-no-3_933/index.html
68,The Death of Humanity: and the Case for Life,£58.11,http://books.toscrape.com/catalogue/the-death-of-humanity-and-the-case-for-life_932/index.html
69,"The Bulletproof Diet: Lose up to a Pound a Day, Reclaim Energy and Focus, Upgrade Your Life",£49.05,http://books.toscrape.com/catalogue/the-bulletproof-diet-lose-up-to-a-pound-a-day-reclaim-energy-and-focus-upgrade-your-life_931/index.html
70,The Art Forger,£40.76,http://books.toscrape.com/catalogue/the-art-forger_930/index.html
71,The Age of Genius: The Seventeenth Century and the Birth of the Modern Mind,£19.73,http://books.toscrape.com/catalogue/the-age-of-genius-the-seventeenth-century-and-the-birth-of-the-modern-mind_929/index.html
72,The Activist's Tao Te Ching: Ancient Advice for a Modern Revolution,£32.24,http://books.toscrape.com/catalogue/the-activists-tao-te-ching-ancient-advice-for-a-modern-revolution_928/index.html
73,Spark Joy: An Illustrated Master Class on the Art of Organizing and Tidying Up,£41.83,http://books.toscrape.com/catalogue/spark-joy-an-illustrated-master-class-on-the-art-of-organizing-and-tidying-up_927/index.html
74,Soul Reader,£39.58,http://books.toscrape.com/catalogue/soul-reader_926/index.html
75,Security,£39.25,http://books.toscrape.com/catalogue/security_925/index.html
76,"Saga, Volume 6 (Saga (Collected Editions) #6)",£25.02,http://books.toscrape.com/catalogue/saga-volume-6-saga-collected-editions-6_924/index.html
77,"Saga, Volume 5 (Saga (Collected Editions) #5)",£51.04,http://books.toscrape.com/catalogue/saga-volume-5-saga-collected-editions-5_923/index.html
78,Reskilling America: Learning to Labor in the Twenty-First Century,£19.83,http://books.toscrape.com/catalogue/reskilling-america-learning-to-labor-in-the-twenty-first-century_922/index.html
79,"Rat Queens, Vol. 3: Demons (Rat Queens (Collected Editions) #11-15)",£50.40,http://books.toscrape.com/catalogue/rat-queens-vol-3-demons-rat-queens-collected-editions-11-15_921/index.html
80,"Princess Jellyfish 2-in-1 Omnibus, Vol. 01 (Princess Jellyfish 2-in-1 Omnibus #1)",£13.61,http://books.toscrape.com/catalogue/princess-jellyfish-2-in-1-omnibus-vol-01-princess-jellyfish-2-in-1-omnibus-1_920/index.html
81,Princess Between Worlds (Wide-Awake Princess #5),£13.34,http://books.toscrape.com/catalogue/princess-between-worlds-wide-awake-princess-5_919/index.html
82,"Pop Gun War, Volume 1: Gift",£18.97,http://books.toscrape.com/catalogue/pop-gun-war-volume-1-gift_918/index.html
83,"Political Suicide: Missteps, Peccadilloes, Bad Calls, Backroom Hijinx, Sordid Pasts, Rotten Breaks, and Just Plain Dumb Mistakes in the Annals of American Politics",£36.28,http://books.toscrape.com/catalogue/political-suicide-missteps-peccadilloes-bad-calls-backroom-hijinx-sordid-pasts-rotten-breaks-and-just-plain-dumb-mistakes-in-the-annals-of-american-politics_917/index.html
84,Patience,£10.16,http://books.toscrape.com/catalogue/patience_916/index.html
85,"Outcast, Vol. 1: A Darkness Surrounds Him (Outcast #1)",£15.44,http://books.toscrape.com/catalogue/outcast-vol-1-a-darkness-surrounds-him-outcast-1_915/index.html
86,orange: The Complete Collection 1 (orange: The Complete Collection #1),£48.41,http://books.toscrape.com/catalogue/orange-the-complete-collection-1-orange-the-complete-collection-1_914/index.html
87,Online Marketing for Busy Authors: A Step-By-Step Guide,£46.35,http://books.toscrape.com/catalogue/online-marketing-for-busy-authors-a-step-by-step-guide_913/index.html
88,On a Midnight Clear,£14.07,http://books.toscrape.com/catalogue/on-a-midnight-clear_912/index.html
89,Obsidian (Lux #1),£14.86,http://books.toscrape.com/catalogue/obsidian-lux-1_911/index.html
90,My Paris Kitchen: Recipes and Stories,£33.37,http://books.toscrape.com/catalogue/my-paris-kitchen-recipes-and-stories_910/index.html
91,Masks and Shadows,£56.40,http://books.toscrape.com/catalogue/masks-and-shadows_909/index.html
92,"Mama Tried: Traditional Italian Cooking for the Screwed, Crude, Vegan, and Tattooed",£14.02,http://books.toscrape.com/catalogue/mama-tried-traditional-italian-cooking-for-the-screwed-crude-vegan-and-tattooed_908/index.html
93,"Lumberjanes, Vol. 2: Friendship to the Max (Lumberjanes #5-8)",£46.91,http://books.toscrape.com/catalogue/lumberjanes-vol-2-friendship-to-the-max-lumberjanes-5-8_907/index.html
94,"Lumberjanes, Vol. 1: Beware the Kitten Holy (Lumberjanes #1-4)",£45.61,http://books.toscrape.com/catalogue/lumberjanes-vol-1-beware-the-kitten-holy-lumberjanes-1-4_906/index.html
95,Lumberjanes Vol. 3: A Terrible Plan (Lumberjanes #9-12),£19.92,http://books.toscrape.com/catalogue/lumberjanes-vol-3-a-terrible-plan-lumberjanes-9-12_905/index.html
96,"Layered: Baking, Building, and Styling Spectacular Cakes",£40.11,http://books.toscrape.com/catalogue/layered-baking-building-and-styling-spectacular-cakes_904/index.html
97,Judo: Seven Steps to Black Belt (an Introductory Guide for Beginners),£53.90,http://books.toscrape.com/catalogue/judo-seven-steps-to-black-belt-an-introductory-guide-for-beginners_903/index.html
98,Join,£35.67,http://books.toscrape.com/catalogue/join_902/index.html
99,In the Country We Love: My Family Divided,£22.00,http://books.toscrape.com/catalogue/in-the-country-we-love-my-family-divided_901/index.html
100,Immunity: How Elie Metchnikoff Changed the Course of Modern Medicine,£57.36,http://books.toscrape.com/catalogue/immunity-how-elie-metchnikoff-changed-the-course-of-modern-medicine_900/index.html
101,"I Hate Fairyland, Vol. 1: Madly Ever After (I Hate Fairyland (Compilations) #1-5)",£29.17,http://books.toscrape.com/catalogue/i-hate-fairyland-vol-1-madly-ever-after-i-hate-fairyland-compilations-1-5_899/index.html
102,I am a Hero Omnibus Volume 1,£54.63,http://books.toscrape.com/catalogue/i-am-a-hero-omnibus-volume-1_898/index.html
103,How to Be Miserable: 40 Strategies You Already Use,£46.03,http://books.toscrape.com/catalogue/how-to-be-miserable-40-strategies-you-already-use_897/index.html
104,Her Backup Boyfriend (The Sorensen Family #1),£33.97,http://books.toscrape.com/catalogue/her-backup-boyfriend-the-sorensen-family-1_896/index.html
105,"Giant Days, Vol. 2 (Giant Days #5-8)",£22.11,http://books.toscrape.com/catalogue/giant-days-vol-2-giant-days-5-8_895/index.html
106,Forever and Forever: The Courtship of Henry Longfellow and Fanny Appleton,£29.69,http://books.toscrape.com/catalogue/forever-and-forever-the-courtship-of-henry-longfellow-and-fanny-appleton_894/index.html
107,First and First (Five Boroughs #3),£15.97,http://books.toscrape.com/catalogue/first-and-first-five-boroughs-3_893/index.html
108,Fifty Shades Darker (Fifty Shades #2),£21.96,http://books.toscrape.com/catalogue/fifty-shades-darker-fifty-shades-2_892/index.html
109,Everydata: The Misinformation Hidden in the Little Data You Consume Every Day,£54.35,http://books.toscrape.com/catalogue/everydata-the-misinformation-hidden-in-the-little-data-you-consume-every-day_891/index.html
110,"Don't Be a Jerk: And Other Practical Advice from Dogen, Japan's Greatest Zen Master",£37.97,http://books.toscrape.com/catalogue/dont-be-a-jerk-and-other-practical-advice-from-dogen-japans-greatest-zen-master_890/index.html
111,Danganronpa Volume 1,£51.99,http://books.toscrape.com/catalogue/danganronpa-volume-1_889/index.html
112,Crown of Midnight (Throne of Glass #2),£43.29,http://books.toscrape.com/catalogue/crown-of-midnight-throne-of-glass-2_888/index.html
113,"Codename Baboushka, Volume 1: The Conclave of Death",£36.72,http://books.toscrape.com/catalogue/codename-baboushka-volume-1-the-conclave-of-death_887/index.html
114,Camp Midnight,£17.08,http://books.toscrape.com/catalogue/camp-midnight_886/index.html
115,Call the Nurse: True Stories of a Country Nurse on a Scottish Isle,£29.14,http://books.toscrape.com/catalogue/call-the-nurse-true-stories-of-a-country-nurse-on-a-scottish-isle_885/index.html
116,Burning,£28.81,http://books.toscrape.com/catalogue/burning_884/index.html
117,Bossypants,£49.46,http://books.toscrape.com/catalogue/bossypants_883/index.html
118,"Bitch Planet, Vol. 1: Extraordinary Machine (Bitch Planet (Collected Editions))",£37.92,http://books.toscrape.com/catalogue/bitch-planet-vol-1-extraordinary-machine-bitch-planet-collected-editions_882/index.html
119,"Avatar: The Last Airbender: Smoke and Shadow, Part 3 (Smoke and Shadow #3)",£28.09,http://books.toscrape.com/catalogue/avatar-the-last-airbender-smoke-and-shadow-part-3-smoke-and-shadow-3_881/index.html
120,Algorithms to Live By: The Computer Science of Human Decisions,£30.81,http://books.toscrape.com/catalogue/algorithms-to-live-by-the-computer-science-of-human-decisions_880/index.html
121,A World of Flavor: Your Gluten Free Passport,£42.95,http://books.toscrape.com/catalogue/a-world-of-flavor-your-gluten-free-passport_879/index.html
122,"A Piece of Sky, a Grain of Rice: A Memoir in Four Meditations",£56.76,http://books.toscrape.com/catalogue/a-piece-of-sky-a-grain-of-rice-a-memoir-in-four-meditations_878/index.html
123,A Murder in Time,£16.64,http://books.toscrape.com/catalogue/a-murder-in-time_877/index.html
124,A Flight of Arrows (The Pathfinders #2),£55.53,http://books.toscrape.com/catalogue/a-flight-of-arrows-the-pathfinders-2_876/index.html
125,A Fierce and Subtle Poison,£28.13,http://books.toscrape.com/catalogue/a-fierce-and-subtle-poison_875/index.html
126,A Court of Thorns and Roses (A Court of Thorns and Roses #1),£52.37,http://books.toscrape.com/catalogue/a-court-of-thorns-and-roses-a-court-of-thorns-and-roses-1_874/index.html
127,(Un)Qualified: How God Uses Broken People to Do Big Things,£54.00,http://books.toscrape.com/catalogue/unqualified-how-god-uses-broken-people-to-do-big-things_873/index.html
128,You Are What You Love: The Spiritual Power of Habit,£21.87,http://books.toscrape.com/catalogue/you-are-what-you-love-the-spiritual-power-of-habit_872/index.html
129,"William Shakespeare's Star Wars: Verily, A New Hope (William Shakespeare's Star Wars #4)",£43.30,http://books.toscrape.com/catalogue/william-shakespeares-star-wars-verily-a-new-hope-william-shakespeares-star-wars-4_871/index.html
130,Tuesday Nights in 1980,£21.04,http://books.toscrape.com/catalogue/tuesday-nights-in-1980_870/index.html
131,Tracing Numbers on a Train,£41.60,http://books.toscrape.com/catalogue/tracing-numbers-on-a-train_869/index.html
132,Throne of Glass (Throne of Glass #1),£35.07,http://books.toscrape.com/catalogue/throne-of-glass-throne-of-glass-1_868/index.html
133,Thomas Jefferson and the Tripoli Pirates: The Forgotten War That Changed American History,£59.64,http://books.toscrape.com/catalogue/thomas-jefferson-and-the-tripoli-pirates-the-forgotten-war-that-changed-american-history_867/index.html
134,Thirteen Reasons Why,£52.72,http://books.toscrape.com/catalogue/thirteen-reasons-why_866/index.html
135,The White Cat and the Monk: A Retelling of the Poem âPangur BÃ¡nâ,£58.08,http://books.toscrape.com/catalogue/the-white-cat-and-the-monk-a-retelling-of-the-poem-pangur-ban_865/index.html
136,The Wedding Dress,£24.12,http://books.toscrape.com/catalogue/the-wedding-dress_864/index.html
137,The Vacationers,£42.15,http://books.toscrape.com/catalogue/the-vacationers_863/index.html
138,The Third Wave: An Entrepreneurâs Vision of the Future,£12.61,http://books.toscrape.com/catalogue/the-third-wave-an-entrepreneurs-vision-of-the-future_862/index.html
139,The Stranger,£17.44,http://books.toscrape.com/catalogue/the-stranger_861/index.html
140,The Shadow Hero (The Shadow Hero),£33.14,http://books.toscrape.com/catalogue/the-shadow-hero-the-shadow-hero_860/index.html
141,The Secret (The Secret #1),£27.37,http://books.toscrape.com/catalogue/the-secret-the-secret-1_859/index.html
142,The Regional Office Is Under Attack!,£51.36,http://books.toscrape.com/catalogue/the-regional-office-is-under-attack_858/index.html
143,The Psychopath Test: A Journey Through the Madness Industry,£36.00,http://books.toscrape.com/catalogue/the-psychopath-test-a-journey-through-the-madness-industry_857/index.html
144,The Project,£10.65,http://books.toscrape.com/catalogue/the-project_856/index.html
145,The Power of Now: A Guide to Spiritual Enlightenment,£43.54,http://books.toscrape.com/catalogue/the-power-of-now-a-guide-to-spiritual-enlightenment_855/index.html
146,The Omnivore's Dilemma: A Natural History of Four Meals,£38.21,http://books.toscrape.com/catalogue/the-omnivores-dilemma-a-natural-history-of-four-meals_854/index.html
147,The Nerdy Nummies Cookbook: Sweet Treats for the Geek in All of Us,£37.34,http://books.toscrape.com/catalogue/the-nerdy-nummies-cookbook-sweet-treats-for-the-geek-in-all-of-us_853/index.html
148,The Murder of Roger Ackroyd (Hercule Poirot #4),£44.10,http://books.toscrape.com/catalogue/the-murder-of-roger-ackroyd-hercule-poirot-4_852/index.html
149,The Mistake (Off-Campus #2),£43.29,http://books.toscrape.com/catalogue/the-mistake-off-campus-2_851/index.html
150,The Matchmaker's Playbook (Wingmen Inc. #1),£55.85,http://books.toscrape.com/catalogue/the-matchmakers-playbook-wingmen-inc-1_850/index.html
151,The Love and Lemons Cookbook: An Apple-to-Zucchini Celebration of Impromptu Cooking,£37.60,http://books.toscrape.com/catalogue/the-love-and-lemons-cookbook-an-apple-to-zucchini-celebration-of-impromptu-cooking_849/index.html
152,The Long Shadow of Small Ghosts: Murder and Memory in an American City,£10.97,http://books.toscrape.com/catalogue/the-long-shadow-of-small-ghosts-murder-and-memory-in-an-american-city_848/index.html
153,The Kite Runner,£41.82,http://books.toscrape.com/catalogue/the-kite-runner_847/index.html
154,The House by the Lake,£36.95,http://books.toscrape.com/catalogue/the-house-by-the-lake_846/index.html
155,The Glittering Court (The Glittering Court #1),£44.28,http://books.toscrape.com/catalogue/the-glittering-court-the-glittering-court-1_845/index.html
156,The Girl on the Train,£55.02,http://books.toscrape.com/catalogue/the-girl-on-the-train_844/index.html
157,The Genius of Birds,£17.24,http://books.toscrape.com/catalogue/the-genius-of-birds_843/index.html
158,The Emerald Mystery,£23.15,http://books.toscrape.com/catalogue/the-emerald-mystery_842/index.html
159,The Cookies & Cups Cookbook: 125+ sweet & savory recipes reminding you to Always Eat Dessert First,£41.25,http://books.toscrape.com/catalogue/the-cookies-cups-cookbook-125-sweet-savory-recipes-reminding-you-to-always-eat-dessert-first_841/index.html
160,The Bridge to Consciousness: I'm Writing the Bridge Between Science and Our Old and New Beliefs.,£32.00,http://books.toscrape.com/catalogue/the-bridge-to-consciousness-im-writing-the-bridge-between-science-and-our-old-and-new-beliefs_840/index.html
161,The Artist's Way: A Spiritual Path to Higher Creativity,£38.49,http://books.toscrape.com/catalogue/the-artists-way-a-spiritual-path-to-higher-creativity_839/index.html
162,The Art of War,£33.34,http://books.toscrape.com/catalogue/the-art-of-war_838/index.html
163,The Argonauts,£10.93,http://books.toscrape.com/catalogue/the-argonauts_837/index.html
164,The 10% Entrepreneur: Live Your Startup Dream Without Quitting Your Day Job,£27.55,http://books.toscrape.com/catalogue/the-10-entrepreneur-live-your-startup-dream-without-quitting-your-day-job_836/index.html
165,Suddenly in Love (Lake Haven #1),£55.99,http://books.toscrape.com/catalogue/suddenly-in-love-lake-haven-1_835/index.html
166,Something More Than This,£16.24,http://books.toscrape.com/catalogue/something-more-than-this_834/index.html
167,Soft Apocalypse,£26.12,http://books.toscrape.com/catalogue/soft-apocalypse_833/index.html
168,So You've Been Publicly Shamed,£12.23,http://books.toscrape.com/catalogue/so-youve-been-publicly-shamed_832/index.html
169,Shoe Dog: A Memoir by the Creator of NIKE,£23.99,http://books.toscrape.com/catalogue/shoe-dog-a-memoir-by-the-creator-of-nike_831/index.html
170,"Shobu Samurai, Project Aryoku (#3)",£29.06,http://books.toscrape.com/catalogue/shobu-samurai-project-aryoku-3_830/index.html
171,Secrets and Lace (Fatal Hearts #1),£20.27,http://books.toscrape.com/catalogue/secrets-and-lace-fatal-hearts-1_829/index.html
172,Scarlett Epstein Hates It Here,£43.55,http://books.toscrape.com/catalogue/scarlett-epstein-hates-it-here_828/index.html
173,Romero and Juliet: A Tragic Tale of Love and Zombies,£36.94,http://books.toscrape.com/catalogue/romero-and-juliet-a-tragic-tale-of-love-and-zombies_827/index.html
174,Redeeming Love,£20.47,http://books.toscrape.com/catalogue/redeeming-love_826/index.html
175,Poses for Artists Volume 1 - Dynamic and Sitting Poses: An Essential Reference for Figure Drawing and the Human Form,£41.06,http://books.toscrape.com/catalogue/poses-for-artists-volume-1-dynamic-and-sitting-poses-an-essential-reference-for-figure-drawing-and-the-human-form_825/index.html
176,Poems That Make Grown Women Cry,£14.19,http://books.toscrape.com/catalogue/poems-that-make-grown-women-cry_824/index.html
177,"Nightingale, Sing",£38.28,http://books.toscrape.com/catalogue/nightingale-sing_823/index.html
178,Night Sky with Exit Wounds,£41.05,http://books.toscrape.com/catalogue/night-sky-with-exit-wounds_822/index.html
179,Mrs. Houdini,£30.25,http://books.toscrape.com/catalogue/mrs-houdini_821/index.html
180,Modern Romance,£28.26,http://books.toscrape.com/catalogue/modern-romance_820/index.html
181,Miss Peregrineâs Home for Peculiar Children (Miss Peregrineâs Peculiar Children #1),£10.76,http://books.toscrape.com/catalogue/miss-peregrines-home-for-peculiar-children-miss-peregrines-peculiar-children-1_819/index.html
182,Louisa: The Extraordinary Life of Mrs. Adams,£16.85,http://books.toscrape.com/catalogue/louisa-the-extraordinary-life-of-mrs-adams_818/index.html
183,Little Red,£13.47,http://books.toscrape.com/catalogue/little-red_817/index.html
184,Library of Souls (Miss Peregrineâs Peculiar Children #3),£48.56,http://books.toscrape.com/catalogue/library-of-souls-miss-peregrines-peculiar-children-3_816/index.html
185,Large Print Heart of the Pride,£19.15,http://books.toscrape.com/catalogue/large-print-heart-of-the-pride_815/index.html
186,I Had a Nice Time And Other Lies...: How to find love & sh*t like that,£57.36,http://books.toscrape.com/catalogue/i-had-a-nice-time-and-other-lies-how-to-find-love-sht-like-that_814/index.html
187,Hollow City (Miss Peregrineâs Peculiar Children #2),£42.98,http://books.toscrape.com/catalogue/hollow-city-miss-peregrines-peculiar-children-2_813/index.html
188,Grumbles,£22.16,http://books.toscrape.com/catalogue/grumbles_812/index.html
189,Full Moon over Noahâs Ark: An Odyssey to Mount Ararat and Beyond,£49.43,http://books.toscrape.com/catalogue/full-moon-over-noahs-ark-an-odyssey-to-mount-ararat-and-beyond_811/index.html
190,Frostbite (Vampire Academy #2),£29.99,http://books.toscrape.com/catalogue/frostbite-vampire-academy-2_810/index.html
191,Follow You Home,£21.36,http://books.toscrape.com/catalogue/follow-you-home_809/index.html
192,First Steps for New Christians (Print Edition),£29.00,http://books.toscrape.com/catalogue/first-steps-for-new-christians-print-edition_808/index.html
193,Finders Keepers (Bill Hodges Trilogy #2),£53.53,http://books.toscrape.com/catalogue/finders-keepers-bill-hodges-trilogy-2_807/index.html
194,"Fables, Vol. 1: Legends in Exile (Fables #1)",£41.62,http://books.toscrape.com/catalogue/fables-vol-1-legends-in-exile-fables-1_806/index.html
195,Eureka Trivia 6.0,£54.59,http://books.toscrape.com/catalogue/eureka-trivia-60_805/index.html
196,Drive: The Surprising Truth About What Motivates Us,£34.95,http://books.toscrape.com/catalogue/drive-the-surprising-truth-about-what-motivates-us_804/index.html
197,Done Rubbed Out (Reightman & Bailey #1),£37.72,http://books.toscrape.com/catalogue/done-rubbed-out-reightman-bailey-1_803/index.html
198,Doing It Over (Most Likely To #1),£35.61,http://books.toscrape.com/catalogue/doing-it-over-most-likely-to-1_802/index.html
199,"Deliciously Ella Every Day: Quick and Easy Recipes for Gluten-Free Snacks, Packed Lunches, and Simple Meals",£42.16,http://books.toscrape.com/catalogue/deliciously-ella-every-day-quick-and-easy-recipes-for-gluten-free-snacks-packed-lunches-and-simple-meals_801/index.html
200,Dark Notes,£19.19,http://books.toscrape.com/catalogue/dark-notes_800/index.html
201,"Daring Greatly: How the Courage to Be Vulnerable Transforms the Way We Live, Love, Parent, and Lead",£19.43,http://books.toscrape.com/catalogue/daring-greatly-how-the-courage-to-be-vulnerable-transforms-the-way-we-live-love-parent-and-lead_799/index.html
202,Close to You,£49.46,http://books.toscrape.com/catalogue/close-to-you_798/index.html
203,Chasing Heaven: What Dying Taught Me About Living,£37.80,http://books.toscrape.com/catalogue/chasing-heaven-what-dying-taught-me-about-living_797/index.html
204,Big Magic: Creative Living Beyond Fear,£30.80,http://books.toscrape.com/catalogue/big-magic-creative-living-beyond-fear_796/index.html
205,Becoming Wise: An Inquiry into the Mystery and Art of Living,£27.43,http://books.toscrape.com/catalogue/becoming-wise-an-inquiry-into-the-mystery-and-art-of-living_795/index.html
206,Beauty Restored (Riley Family Legacy Novellas #3),£11.11,http://books.toscrape.com/catalogue/beauty-restored-riley-family-legacy-novellas-3_794/index.html
207,Batman: The Long Halloween (Batman),£36.50,http://books.toscrape.com/catalogue/batman-the-long-halloween-batman_793/index.html
208,Batman: The Dark Knight Returns (Batman),£15.38,http://books.toscrape.com/catalogue/batman-the-dark-knight-returns-batman_792/index.html
209,Ayumi's Violin,£15.48,http://books.toscrape.com/catalogue/ayumis-violin_791/index.html
210,Anonymous,£46.82,http://books.toscrape.com/catalogue/anonymous_790/index.html
211,Amy Meets the Saints and Sages,£18.46,http://books.toscrape.com/catalogue/amy-meets-the-saints-and-sages_789/index.html
212,Amid the Chaos,£36.58,http://books.toscrape.com/catalogue/amid-the-chaos_788/index.html
213,Amatus,£50.54,http://books.toscrape.com/catalogue/amatus_787/index.html
214,Agnostic: A Spirited Manifesto,£12.51,http://books.toscrape.com/catalogue/agnostic-a-spirited-manifesto_786/index.html
215,Zealot: The Life and Times of Jesus of Nazareth,£24.70,http://books.toscrape.com/catalogue/zealot-the-life-and-times-of-jesus-of-nazareth_785/index.html
216,You (You #1),£43.61,http://books.toscrape.com/catalogue/you-you-1_784/index.html
217,"Wonder Woman: Earth One, Volume One (Wonder Woman: Earth One #1)",£37.34,http://books.toscrape.com/catalogue/wonder-woman-earth-one-volume-one-wonder-woman-earth-one-1_783/index.html
218,Wild Swans,£14.36,http://books.toscrape.com/catalogue/wild-swans_782/index.html
219,Why the Right Went Wrong: Conservatism--From Goldwater to the Tea Party and Beyond,£52.65,http://books.toscrape.com/catalogue/why-the-right-went-wrong-conservatism-from-goldwater-to-the-tea-party-and-beyond_781/index.html
220,Whole Lotta Creativity Going On: 60 Fun and Unusual Exercises to Awaken and Strengthen Your Creativity,£38.20,http://books.toscrape.com/catalogue/whole-lotta-creativity-going-on-60-fun-and-unusual-exercises-to-awaken-and-strengthen-your-creativity_780/index.html
221,What's It Like in Space?: Stories from Astronauts Who've Been There,£19.60,http://books.toscrape.com/catalogue/whats-it-like-in-space-stories-from-astronauts-whove-been-there_779/index.html
222,"We Are Robin, Vol. 1: The Vigilante Business (We Are Robin #1)",£53.90,http://books.toscrape.com/catalogue/we-are-robin-vol-1-the-vigilante-business-we-are-robin-1_778/index.html
223,Walt Disney's Alice in Wonderland,£12.96,http://books.toscrape.com/catalogue/walt-disneys-alice-in-wonderland_777/index.html
224,V for Vendetta (V for Vendetta Complete),£37.10,http://books.toscrape.com/catalogue/v-for-vendetta-v-for-vendetta-complete_776/index.html
225,Until Friday Night (The Field Party #1),£46.31,http://books.toscrape.com/catalogue/until-friday-night-the-field-party-1_775/index.html
226,"Unbroken: A World War II Story of Survival, Resilience, and Redemption",£45.95,http://books.toscrape.com/catalogue/unbroken-a-world-war-ii-story-of-survival-resilience-and-redemption_774/index.html
227,Twenty Yawns,£22.08,http://books.toscrape.com/catalogue/twenty-yawns_773/index.html
228,Through the Woods,£25.38,http://books.toscrape.com/catalogue/through-the-woods_772/index.html
229,This Is Where It Ends,£27.12,http://books.toscrape.com/catalogue/this-is-where-it-ends_771/index.html
230,The Year of Magical Thinking,£43.04,http://books.toscrape.com/catalogue/the-year-of-magical-thinking_770/index.html
231,The Wright Brothers,£56.80,http://books.toscrape.com/catalogue/the-wright-brothers_769/index.html
232,The White Queen (The Cousins' War #1),£25.91,http://books.toscrape.com/catalogue/the-white-queen-the-cousins-war-1_768/index.html
233,The Wedding Pact (The O'Malleys #2),£32.61,http://books.toscrape.com/catalogue/the-wedding-pact-the-omalleys-2_767/index.html
234,The Time Keeper,£27.88,http://books.toscrape.com/catalogue/the-time-keeper_766/index.html
235,The Testament of Mary,£52.67,http://books.toscrape.com/catalogue/the-testament-of-mary_765/index.html
236,The Star-Touched Queen,£46.02,http://books.toscrape.com/catalogue/the-star-touched-queen_764/index.html
237,The Songs of the Gods,£44.48,http://books.toscrape.com/catalogue/the-songs-of-the-gods_763/index.html
238,The Song of Achilles,£37.40,http://books.toscrape.com/catalogue/the-song-of-achilles_762/index.html
239,The Rosie Project (Don Tillman #1),£54.04,http://books.toscrape.com/catalogue/the-rosie-project-don-tillman-1_761/index.html
240,The Power of Habit: Why We Do What We Do in Life and Business,£16.88,http://books.toscrape.com/catalogue/the-power-of-habit-why-we-do-what-we-do-in-life-and-business_760/index.html
241,The Marriage of Opposites,£28.08,http://books.toscrape.com/catalogue/the-marriage-of-opposites_759/index.html
242,The Lucifer Effect: Understanding How Good People Turn Evil,£10.40,http://books.toscrape.com/catalogue/the-lucifer-effect-understanding-how-good-people-turn-evil_758/index.html
243,The Long Haul (Diary of a Wimpy Kid #9),£44.07,http://books.toscrape.com/catalogue/the-long-haul-diary-of-a-wimpy-kid-9_757/index.html
244,The Loney,£23.40,http://books.toscrape.com/catalogue/the-loney_756/index.html
245,The Literature Book (Big Ideas Simply Explained),£17.43,http://books.toscrape.com/catalogue/the-literature-book-big-ideas-simply-explained_755/index.html
246,The Last Mile (Amos Decker #2),£54.21,http://books.toscrape.com/catalogue/the-last-mile-amos-decker-2_754/index.html
247,The Immortal Life of Henrietta Lacks,£40.67,http://books.toscrape.com/catalogue/the-immortal-life-of-henrietta-lacks_753/index.html
248,The Hidden Oracle (The Trials of Apollo #1),£52.26,http://books.toscrape.com/catalogue/the-hidden-oracle-the-trials-of-apollo-1_752/index.html
249,The Help Yourself Cookbook for Kids: 60 Easy Plant-Based Recipes Kids Can Make to Stay Healthy and Save the Earth,£28.77,http://books.toscrape.com/catalogue/the-help-yourself-cookbook-for-kids-60-easy-plant-based-recipes-kids-can-make-to-stay-healthy-and-save-the-earth_751/index.html
250,The Guilty (Will Robie #4),£13.82,http://books.toscrape.com/catalogue/the-guilty-will-robie-4_750/index.html
251,The First Hostage (J.B. Collins #2),£25.85,http://books.toscrape.com/catalogue/the-first-hostage-jb-collins-2_749/index.html
252,The Dovekeepers,£48.78,http://books.toscrape.com/catalogue/the-dovekeepers_748/index.html
253,The Darkest Lie,£35.35,http://books.toscrape.com/catalogue/the-darkest-lie_747/index.html
254,The Bane Chronicles (The Bane Chronicles #1-11),£44.73,http://books.toscrape.com/catalogue/the-bane-chronicles-the-bane-chronicles-1-11_746/index.html
255,The Bad-Ass Librarians of Timbuktu: And Their Race to Save the Worldâs Most Precious Manuscripts,£15.77,http://books.toscrape.com/catalogue/the-bad-ass-librarians-of-timbuktu-and-their-race-to-save-the-worlds-most-precious-manuscripts_745/index.html
256,The 14th Colony (Cotton Malone #11),£39.24,http://books.toscrape.com/catalogue/the-14th-colony-cotton-malone-11_744/index.html
257,That Darkness (Gardiner and Renner #1),£13.92,http://books.toscrape.com/catalogue/that-darkness-gardiner-and-renner-1_743/index.html
258,Tastes Like Fear (DI Marnie Rome #3),£10.69,http://books.toscrape.com/catalogue/tastes-like-fear-di-marnie-rome-3_742/index.html
259,Take Me with You,£45.21,http://books.toscrape.com/catalogue/take-me-with-you_741/index.html
260,Swell: A Year of Waves,£45.58,http://books.toscrape.com/catalogue/swell-a-year-of-waves_740/index.html
261,Superman Vol. 1: Before Truth (Superman by Gene Luen Yang #1),£11.89,http://books.toscrape.com/catalogue/superman-vol-1-before-truth-superman-by-gene-luen-yang-1_739/index.html
262,Still Life with Bread Crumbs,£26.41,http://books.toscrape.com/catalogue/still-life-with-bread-crumbs_738/index.html
263,Steve Jobs,£39.50,http://books.toscrape.com/catalogue/steve-jobs_737/index.html
264,Sorting the Beef from the Bull: The Science of Food Fraud Forensics,£44.74,http://books.toscrape.com/catalogue/sorting-the-beef-from-the-bull-the-science-of-food-fraud-forensics_736/index.html
265,Someone Like You (The Harrisons #2),£52.79,http://books.toscrape.com/catalogue/someone-like-you-the-harrisons-2_735/index.html
266,"So Cute It Hurts!!, Vol. 6 (So Cute It Hurts!! #6)",£35.43,http://books.toscrape.com/catalogue/so-cute-it-hurts-vol-6-so-cute-it-hurts-6_734/index.html
267,Shtum,£55.84,http://books.toscrape.com/catalogue/shtum_733/index.html
268,See America: A Celebration of Our National Parks & Treasured Sites,£48.87,http://books.toscrape.com/catalogue/see-america-a-celebration-of-our-national-parks-treasured-sites_732/index.html
269,salt.,£46.78,http://books.toscrape.com/catalogue/salt_731/index.html
270,Robin War,£47.82,http://books.toscrape.com/catalogue/robin-war_730/index.html
271,"Red Hood/Arsenal, Vol. 1: Open for Business (Red Hood/Arsenal #1)",£25.48,http://books.toscrape.com/catalogue/red-hoodarsenal-vol-1-open-for-business-red-hoodarsenal-1_729/index.html
272,Rain Fish,£23.57,http://books.toscrape.com/catalogue/rain-fish_728/index.html
273,"Quarter Life Poetry: Poems for the Young, Broke and Hangry",£50.89,http://books.toscrape.com/catalogue/quarter-life-poetry-poems-for-the-young-broke-and-hangry_727/index.html
274,Pet Sematary,£10.56,http://books.toscrape.com/catalogue/pet-sematary_726/index.html
275,"Overload: How to Unplug, Unwind, and Unleash Yourself from the Pressure of Stress",£52.15,http://books.toscrape.com/catalogue/overload-how-to-unplug-unwind-and-unleash-yourself-from-the-pressure-of-stress_725/index.html
276,Once Was a Time,£18.28,http://books.toscrape.com/catalogue/once-was-a-time_724/index.html
277,Old School (Diary of a Wimpy Kid #10),£11.83,http://books.toscrape.com/catalogue/old-school-diary-of-a-wimpy-kid-10_723/index.html
278,No Dream Is Too High: Life Lessons From a Man Who Walked on the Moon,£21.95,http://books.toscrape.com/catalogue/no-dream-is-too-high-life-lessons-from-a-man-who-walked-on-the-moon_722/index.html
279,"Naruto (3-in-1 Edition), Vol. 14: Includes Vols. 40, 41 & 42 (Naruto: Omnibus #14)",£38.39,http://books.toscrape.com/catalogue/naruto-3-in-1-edition-vol-14-includes-vols-40-41-42-naruto-omnibus-14_721/index.html
280,My Name Is Lucy Barton,£41.56,http://books.toscrape.com/catalogue/my-name-is-lucy-barton_720/index.html
281,My Mrs. Brown,£24.48,http://books.toscrape.com/catalogue/my-mrs-brown_719/index.html
282,My Kind of Crazy,£40.36,http://books.toscrape.com/catalogue/my-kind-of-crazy_718/index.html
283,Mr. Mercedes (Bill Hodges Trilogy #1),£28.90,http://books.toscrape.com/catalogue/mr-mercedes-bill-hodges-trilogy-1_717/index.html
284,More Than Music (Chasing the Dream #1),£37.61,http://books.toscrape.com/catalogue/more-than-music-chasing-the-dream-1_716/index.html
285,Made to Stick: Why Some Ideas Survive and Others Die,£38.85,http://books.toscrape.com/catalogue/made-to-stick-why-some-ideas-survive-and-others-die_715/index.html
286,Luis Paints the World,£53.95,http://books.toscrape.com/catalogue/luis-paints-the-world_714/index.html
287,Luckiest Girl Alive,£49.83,http://books.toscrape.com/catalogue/luckiest-girl-alive_713/index.html
288,Lowriders to the Center of the Earth (Lowriders in Space #2),£51.51,http://books.toscrape.com/catalogue/lowriders-to-the-center-of-the-earth-lowriders-in-space-2_712/index.html
289,Love Is a Mix Tape (Music #1),£18.03,http://books.toscrape.com/catalogue/love-is-a-mix-tape-music-1_711/index.html
290,Looking for Lovely: Collecting the Moments that Matter,£29.14,http://books.toscrape.com/catalogue/looking-for-lovely-collecting-the-moments-that-matter_710/index.html
291,"Living Leadership by Insight: A Good Leader Achieves, a Great Leader Builds Monuments",£46.91,http://books.toscrape.com/catalogue/living-leadership-by-insight-a-good-leader-achieves-a-great-leader-builds-monuments_709/index.html
292,Let It Out: A Journey Through Journaling,£26.79,http://books.toscrape.com/catalogue/let-it-out-a-journey-through-journaling_708/index.html
293,Lady Midnight (The Dark Artifices #1),£16.28,http://books.toscrape.com/catalogue/lady-midnight-the-dark-artifices-1_707/index.html
294,"It's All Easy: Healthy, Delicious Weeknight Meals in under 30 Minutes",£19.55,http://books.toscrape.com/catalogue/its-all-easy-healthy-delicious-weeknight-meals-in-under-30-minutes_706/index.html
295,Island of Dragons (Unwanteds #7),£29.65,http://books.toscrape.com/catalogue/island-of-dragons-unwanteds-7_705/index.html
296,I Know What I'm Doing -- and Other Lies I Tell Myself: Dispatches from a Life Under Construction,£25.98,http://books.toscrape.com/catalogue/i-know-what-im-doing-and-other-lies-i-tell-myself-dispatches-from-a-life-under-construction_704/index.html
297,I Am Pilgrim (Pilgrim #1),£10.60,http://books.toscrape.com/catalogue/i-am-pilgrim-pilgrim-1_703/index.html
298,"Hyperbole and a Half: Unfortunate Situations, Flawed Coping Mechanisms, Mayhem, and Other Things That Happened",£14.75,http://books.toscrape.com/catalogue/hyperbole-and-a-half-unfortunate-situations-flawed-coping-mechanisms-mayhem-and-other-things-that-happened_702/index.html
299,"Hush, Hush (Hush, Hush #1)",£47.02,http://books.toscrape.com/catalogue/hush-hush-hush-hush-1_701/index.html
300,Hold Your Breath (Search and Rescue #1),£28.82,http://books.toscrape.com/catalogue/hold-your-breath-search-and-rescue-1_700/index.html
301,Hamilton: The Revolution,£58.79,http://books.toscrape.com/catalogue/hamilton-the-revolution_699/index.html
302,Greek Mythic History,£10.23,http://books.toscrape.com/catalogue/greek-mythic-history_698/index.html
303,God: The Most Unpleasant Character in All Fiction,£30.03,http://books.toscrape.com/catalogue/god-the-most-unpleasant-character-in-all-fiction_697/index.html
304,Glory over Everything: Beyond The Kitchen House,£45.84,http://books.toscrape.com/catalogue/glory-over-everything-beyond-the-kitchen-house_696/index.html
305,Feathers: Displays of Brilliant Plumage,£49.05,http://books.toscrape.com/catalogue/feathers-displays-of-brilliant-plumage_695/index.html
306,"Far & Away: Places on the Brink of Change: Seven Continents, Twenty-Five Years",£15.06,http://books.toscrape.com/catalogue/far-away-places-on-the-brink-of-change-seven-continents-twenty-five-years_694/index.html
307,Every Last Word,£46.47,http://books.toscrape.com/catalogue/every-last-word_693/index.html
308,Eligible (The Austen Project #4),£27.09,http://books.toscrape.com/catalogue/eligible-the-austen-project-4_692/index.html
309,El Deafo,£57.62,http://books.toscrape.com/catalogue/el-deafo_691/index.html
310,Eight Hundred Grapes,£14.39,http://books.toscrape.com/catalogue/eight-hundred-grapes_690/index.html
311,"Eaternity: More than 150 Deliciously Easy Vegan Recipes for a Long, Healthy, Satisfied, Joyful Life",£51.75,http://books.toscrape.com/catalogue/eaternity-more-than-150-deliciously-easy-vegan-recipes-for-a-long-healthy-satisfied-joyful-life_689/index.html
312,"Eat Fat, Get Thin",£54.07,http://books.toscrape.com/catalogue/eat-fat-get-thin_688/index.html
313,Don't Get Caught,£55.35,http://books.toscrape.com/catalogue/dont-get-caught_687/index.html
314,Doctor Sleep (The Shining #2),£40.12,http://books.toscrape.com/catalogue/doctor-sleep-the-shining-2_686/index.html
315,Demigods & Magicians: Percy and Annabeth Meet the Kanes (Percy Jackson & Kane Chronicles Crossover #1-3),£37.51,http://books.toscrape.com/catalogue/demigods-magicians-percy-and-annabeth-meet-the-kanes-percy-jackson-kane-chronicles-crossover-1-3_685/index.html
316,Dear Mr. Knightley,£11.21,http://books.toscrape.com/catalogue/dear-mr-knightley_684/index.html
317,Daily Fantasy Sports,£36.58,http://books.toscrape.com/catalogue/daily-fantasy-sports_683/index.html
318,Crazy Love: Overwhelmed by a Relentless God,£47.72,http://books.toscrape.com/catalogue/crazy-love-overwhelmed-by-a-relentless-god_682/index.html
319,Cometh the Hour (The Clifton Chronicles #6),£25.01,http://books.toscrape.com/catalogue/cometh-the-hour-the-clifton-chronicles-6_681/index.html
320,Code Name Verity (Code Name Verity #1),£22.13,http://books.toscrape.com/catalogue/code-name-verity-code-name-verity-1_680/index.html
321,Clockwork Angel (The Infernal Devices #1),£44.14,http://books.toscrape.com/catalogue/clockwork-angel-the-infernal-devices-1_679/index.html
322,City of Glass (The Mortal Instruments #3),£56.02,http://books.toscrape.com/catalogue/city-of-glass-the-mortal-instruments-3_678/index.html
323,City of Fallen Angels (The Mortal Instruments #4),£11.23,http://books.toscrape.com/catalogue/city-of-fallen-angels-the-mortal-instruments-4_677/index.html
324,City of Bones (The Mortal Instruments #1),£43.28,http://books.toscrape.com/catalogue/city-of-bones-the-mortal-instruments-1_676/index.html
325,City of Ashes (The Mortal Instruments #2),£47.27,http://books.toscrape.com/catalogue/city-of-ashes-the-mortal-instruments-2_675/index.html
326,Cell,£20.29,http://books.toscrape.com/catalogue/cell_674/index.html
327,Catching Jordan (Hundred Oaks),£50.83,http://books.toscrape.com/catalogue/catching-jordan-hundred-oaks_673/index.html
328,"Carry On, Warrior: Thoughts on Life Unarmed",£31.85,http://books.toscrape.com/catalogue/carry-on-warrior-thoughts-on-life-unarmed_672/index.html
329,Carrie,£46.23,http://books.toscrape.com/catalogue/carrie_671/index.html
330,Buying In: The Secret Dialogue Between What We Buy and Who We Are,£37.80,http://books.toscrape.com/catalogue/buying-in-the-secret-dialogue-between-what-we-buy-and-who-we-are_670/index.html
331,Brain on Fire: My Month of Madness,£49.32,http://books.toscrape.com/catalogue/brain-on-fire-my-month-of-madness_669/index.html
332,Batman: Europa,£32.01,http://books.toscrape.com/catalogue/batman-europa_668/index.html
333,Barefoot Contessa Back to Basics,£28.01,http://books.toscrape.com/catalogue/barefoot-contessa-back-to-basics_667/index.html
334,Barefoot Contessa at Home: Everyday Recipes You'll Make Over and Over Again,£50.62,http://books.toscrape.com/catalogue/barefoot-contessa-at-home-everyday-recipes-youll-make-over-and-over-again_666/index.html
335,Balloon Animals,£17.03,http://books.toscrape.com/catalogue/balloon-animals_665/index.html
336,Art Ops Vol. 1,£48.80,http://books.toscrape.com/catalogue/art-ops-vol-1_664/index.html
337,Aristotle and Dante Discover the Secrets of the Universe (Aristotle and Dante Discover the Secrets of the Universe #1),£58.14,http://books.toscrape.com/catalogue/aristotle-and-dante-discover-the-secrets-of-the-universe-aristotle-and-dante-discover-the-secrets-of-the-universe-1_663/index.html
338,Angels Walking (Angels Walking #1),£34.20,http://books.toscrape.com/catalogue/angels-walking-angels-walking-1_662/index.html
339,Angels & Demons (Robert Langdon #1),£51.48,http://books.toscrape.com/catalogue/angels-demons-robert-langdon-1_661/index.html
340,All the Light We Cannot See,£29.87,http://books.toscrape.com/catalogue/all-the-light-we-cannot-see_660/index.html
341,"Adulthood Is a Myth: A ""Sarah's Scribbles"" Collection",£10.90,http://books.toscrape.com/catalogue/adulthood-is-a-myth-a-sarahs-scribbles-collection_659/index.html
342,Abstract City,£56.37,http://books.toscrape.com/catalogue/abstract-city_658/index.html
343,A Time of Torment (Charlie Parker #14),£48.35,http://books.toscrape.com/catalogue/a-time-of-torment-charlie-parker-14_657/index.html
344,A Study in Scarlet (Sherlock Holmes #1),£16.73,http://books.toscrape.com/catalogue/a-study-in-scarlet-sherlock-holmes-1_656/index.html
345,"A Series of Catastrophes and Miracles: A True Story of Love, Science, and Cancer",£56.48,http://books.toscrape.com/catalogue/a-series-of-catastrophes-and-miracles-a-true-story-of-love-science-and-cancer_655/index.html
346,A People's History of the United States,£40.79,http://books.toscrape.com/catalogue/a-peoples-history-of-the-united-states_654/index.html
347,A Man Called Ove,£39.72,http://books.toscrape.com/catalogue/a-man-called-ove_653/index.html
348,A Distant Mirror: The Calamitous 14th Century,£14.58,http://books.toscrape.com/catalogue/a-distant-mirror-the-calamitous-14th-century_652/index.html
349,A Brush of Wings (Angels Walking #3),£55.51,http://books.toscrape.com/catalogue/a-brush-of-wings-angels-walking-3_651/index.html
350,1491: New Revelations of the Americas Before Columbus,£21.80,http://books.toscrape.com/catalogue/1491-new-revelations-of-the-americas-before-columbus_650/index.html
351,"The Three Searches, Meaning, and the Story",£13.33,http://books.toscrape.com/catalogue/the-three-searches-meaning-and-the-story_649/index.html
352,Searching for Meaning in Gailana,£38.73,http://books.toscrape.com/catalogue/searching-for-meaning-in-gailana_648/index.html
353,Rook,£37.86,http://books.toscrape.com/catalogue/rook_647/index.html
354,My Kitchen Year: 136 Recipes That Saved My Life,£11.53,http://books.toscrape.com/catalogue/my-kitchen-year-136-recipes-that-saved-my-life_646/index.html
355,13 Hours: The Inside Account of What Really Happened In Benghazi,£27.06,http://books.toscrape.com/catalogue/13-hours-the-inside-account-of-what-really-happened-in-benghazi_645/index.html
356,Will You Won't You Want Me?,£13.86,http://books.toscrape.com/catalogue/will-you-wont-you-want-me_644/index.html
357,Tipping Point for Planet Earth: How Close Are We to the Edge?,£37.55,http://books.toscrape.com/catalogue/tipping-point-for-planet-earth-how-close-are-we-to-the-edge_643/index.html
358,The Star-Touched Queen,£32.30,http://books.toscrape.com/catalogue/the-star-touched-queen_642/index.html
359,The Silent Sister (Riley MacPherson #1),£46.29,http://books.toscrape.com/catalogue/the-silent-sister-riley-macpherson-1_641/index.html
360,The Midnight Watch: A Novel of the Titanic and the Californian,£26.20,http://books.toscrape.com/catalogue/the-midnight-watch-a-novel-of-the-titanic-and-the-californian_640/index.html
361,The Lonely City: Adventures in the Art of Being Alone,£33.26,http://books.toscrape.com/catalogue/the-lonely-city-adventures-in-the-art-of-being-alone_639/index.html
362,The Gray Rhino: How to Recognize and Act on the Obvious Dangers We Ignore,£59.15,http://books.toscrape.com/catalogue/the-gray-rhino-how-to-recognize-and-act-on-the-obvious-dangers-we-ignore_638/index.html
363,The Golden Condom: And Other Essays on Love Lost and Found,£39.43,http://books.toscrape.com/catalogue/the-golden-condom-and-other-essays-on-love-lost-and-found_637/index.html
364,The Epidemic (The Program 0.6),£14.44,http://books.toscrape.com/catalogue/the-epidemic-the-program-06_636/index.html
365,The Dinner Party,£56.54,http://books.toscrape.com/catalogue/the-dinner-party_635/index.html
366,The Diary of a Young Girl,£59.90,http://books.toscrape.com/catalogue/the-diary-of-a-young-girl_634/index.html
367,The Children,£11.88,http://books.toscrape.com/catalogue/the-children_633/index.html
368,Stars Above (The Lunar Chronicles #4.5),£48.05,http://books.toscrape.com/catalogue/stars-above-the-lunar-chronicles-45_632/index.html
369,Snatched: How A Drug Queen Went Undercover for the DEA and Was Kidnapped By Colombian Guerillas,£21.21,http://books.toscrape.com/catalogue/snatched-how-a-drug-queen-went-undercover-for-the-dea-and-was-kidnapped-by-colombian-guerillas_631/index.html
370,Raspberry Pi Electronics Projects for the Evil Genius,£49.67,http://books.toscrape.com/catalogue/raspberry-pi-electronics-projects-for-the-evil-genius_630/index.html
371,Quench Your Own Thirst: Business Lessons Learned Over a Beer or Two,£43.14,http://books.toscrape.com/catalogue/quench-your-own-thirst-business-lessons-learned-over-a-beer-or-two_629/index.html
372,Psycho: Sanitarium (Psycho #1.5),£36.97,http://books.toscrape.com/catalogue/psycho-sanitarium-psycho-15_628/index.html
373,Poisonous (Max Revere Novels #3),£26.80,http://books.toscrape.com/catalogue/poisonous-max-revere-novels-3_627/index.html
374,One with You (Crossfire #5),£15.71,http://books.toscrape.com/catalogue/one-with-you-crossfire-5_626/index.html
375,No Love Allowed (Dodge Cove #1),£54.65,http://books.toscrape.com/catalogue/no-love-allowed-dodge-cove-1_625/index.html
376,Murder at the 42nd Street Library (Raymond Ambler #1),£54.36,http://books.toscrape.com/catalogue/murder-at-the-42nd-street-library-raymond-ambler-1_624/index.html
377,Most Wanted,£35.28,http://books.toscrape.com/catalogue/most-wanted_623/index.html
378,"Love, Lies and Spies",£20.55,http://books.toscrape.com/catalogue/love-lies-and-spies_622/index.html
379,How to Speak Golf: An Illustrated Guide to Links Lingo,£58.32,http://books.toscrape.com/catalogue/how-to-speak-golf-an-illustrated-guide-to-links-lingo_621/index.html
380,Hide Away (Eve Duncan #20),£11.84,http://books.toscrape.com/catalogue/hide-away-eve-duncan-20_620/index.html
381,Furiously Happy: A Funny Book About Horrible Things,£41.46,http://books.toscrape.com/catalogue/furiously-happy-a-funny-book-about-horrible-things_619/index.html
382,Everyday Italian: 125 Simple and Delicious Recipes,£20.10,http://books.toscrape.com/catalogue/everyday-italian-125-simple-and-delicious-recipes_618/index.html
383,Equal Is Unfair: America's Misguided Fight Against Income Inequality,£56.86,http://books.toscrape.com/catalogue/equal-is-unfair-americas-misguided-fight-against-income-inequality_617/index.html
384,Eleanor & Park,£56.51,http://books.toscrape.com/catalogue/eleanor-park_616/index.html
385,Dirty (Dive Bar #1),£40.83,http://books.toscrape.com/catalogue/dirty-dive-bar-1_615/index.html
386,Can You Keep a Secret? (Fear Street Relaunch #4),£48.64,http://books.toscrape.com/catalogue/can-you-keep-a-secret-fear-street-relaunch-4_614/index.html
387,Boar Island (Anna Pigeon #19),£59.48,http://books.toscrape.com/catalogue/boar-island-anna-pigeon-19_613/index.html
388,A Paris Apartment,£39.01,http://books.toscrape.com/catalogue/a-paris-apartment_612/index.html
389,"A la Mode: 120 Recipes in 60 Pairings: Pies, Tarts, Cakes, Crisps, and More Topped with Ice Cream, Gelato, Frozen Custard, and More",£38.77,http://books.toscrape.com/catalogue/a-la-mode-120-recipes-in-60-pairings-pies-tarts-cakes-crisps-and-more-topped-with-ice-cream-gelato-frozen-custard-and-more_611/index.html
390,Troublemaker: Surviving Hollywood and Scientology,£48.39,http://books.toscrape.com/catalogue/troublemaker-surviving-hollywood-and-scientology_610/index.html
391,The Widow,£27.26,http://books.toscrape.com/catalogue/the-widow_609/index.html
392,"The Sleep Revolution: Transforming Your Life, One Night at a Time",£11.68,http://books.toscrape.com/catalogue/the-sleep-revolution-transforming-your-life-one-night-at-a-time_608/index.html
393,The Improbability of Love,£59.45,http://books.toscrape.com/catalogue/the-improbability-of-love_607/index.html
394,The Art of Startup Fundraising,£21.00,http://books.toscrape.com/catalogue/the-art-of-startup-fundraising_606/index.html
395,Take Me Home Tonight (Rock Star Romance #3),£53.98,http://books.toscrape.com/catalogue/take-me-home-tonight-rock-star-romance-3_605/index.html
396,Sleeping Giants (Themis Files #1),£48.74,http://books.toscrape.com/catalogue/sleeping-giants-themis-files-1_604/index.html
397,"Setting the World on Fire: The Brief, Astonishing Life of St. Catherine of Siena",£21.15,http://books.toscrape.com/catalogue/setting-the-world-on-fire-the-brief-astonishing-life-of-st-catherine-of-siena_603/index.html
398,Playing with Fire,£13.71,http://books.toscrape.com/catalogue/playing-with-fire_602/index.html
399,Off the Hook (Fishing for Trouble #1),£47.67,http://books.toscrape.com/catalogue/off-the-hook-fishing-for-trouble-1_601/index.html
